Age,Sleep Duration,Physical Activity Level,Stress Level,Heart Rate,Daily Steps,Sleep Disorder
33,6.2,51,6,68,5416,Normal
25,6.5,59,3,72,5992,Normal
22,6,56,3,71,4106,Normal
30,8.3,45,0,48,2548,Apnea
29,7.3,36,1,63,3545,Apnea
29,6.5,56,3,70,4279,Normal
20,4.1,72,10,82,6733,Insomnia
20,4.8,75,9,86,8000,Insomnia
21,4.1,86,9,80,7015,Insomnia
30,6.8,56,5,69,5417,Normal
22,6.2,56,3,71,4374,Normal
27,4.1,82,8,79,7365,Insomnia
28,6.5,51,4,71,4277,Normal
25,4.3,71,7,85,7152,Insomnia
25,6.6,59,3,72,5989,Normal
29,7,31,2,59,2610,Apnea
26,7.3,42,0,58,3201,Apnea
26,8,43,1,52,2606,Apnea
23,8,35,2,48,2607,Apnea
21,4.7,73,9,78,6520,Insomnia
35,6.6,60,6,73,5433,Normal
30,7.3,49,1,51,2378,Apnea
27,7,30,2,59,3969,Apnea
26,8,43,1,52,2606,Apnea
27,6,55,5,72,4365,Normal
26,6.2,57,5,70,4868,Normal
27,7,33,0,50,2609,Apnea
24,7.6,42,1,59,2258,Apnea
26,4.2,84,9,84,7560,Insomnia
32,4.8,90,8,90,7089,Insomnia
18,4.2,86,8,82,7015,Insomnia
33,6.2,66,6,70,4358,Normal
30,6.2,70,5,71,4110,Normal
23,6.4,52,5,65,4361,Normal
28,6.5,55,6,71,4277,Normal
28,7.3,48,1,62,2987,Apnea
27,4.1,88,7,81,7189,Insomnia
22,7.3,35,1,51,2549,Apnea
29,4.8,74,10,76,6548,Insomnia
26,5,84,8,85,6069,Insomnia
28,6.5,55,6,71,4279,Normal
30,7.3,45,0,61,2687,Apnea
21,6,50,6,69,5990,Normal
21,4.1,74,7,78,7365,Insomnia
33,7.3,30,1,51,2610,Apnea
19,4.1,90,8,82,7015,Insomnia
22,6.5,51,4,75,5422,Normal
26,7.6,44,1,47,2552,Apnea
21,8.9,36,0,48,2478,Apnea
23,6.3,59,4,64,4107,Normal
16,7.3,30,1,56,3578,Apnea
32,7.3,36,1,46,2378,Apnea
26,4.1,88,7,81,7189,Insomnia
25,4.2,86,8,79,6520,Insomnia
25,7.5,36,1,46,3541,Apnea
25,4.2,90,7,86,6015,Insomnia
27,8.5,31,2,56,2596,Apnea
27,4.1,88,7,81,7189,Insomnia
26,7.2,35,2,42,2543,Apnea
29,7.3,42,0,58,3201,Apnea
26,8,43,1,52,2606,Apnea
25,7.9,36,1,46,3541,Apnea
25,7.5,36,1,46,3541,Apnea
16,7.3,30,1,56,3578,Apnea
26,8.5,31,2,56,2596,Apnea
25,4.9,71,7,77,7756,Insomnia
33,7.3,36,1,46,2378,Apnea
19,4.1,90,8,82,7015,Insomnia
32,6,58,3,69,4100,Normal
29,7.3,36,1,63,3545,Apnea
26,7.9,41,2,52,2684,Apnea
28,6.5,55,6,71,4277,Normal
19,4.1,90,8,82,7015,Insomnia
32,7.3,36,1,63,3545,Apnea
26,7.9,41,2,52,2684,Apnea
28,6.5,55,6,71,4277,Normal
28,6.5,51,4,71,4279,Normal
25,7.9,36,1,46,3541,Apnea
25,7.9,36,1,46,3541,Apnea
22,6.5,51,4,75,5422,Normal
25,4.3,71,7,85,7152,Insomnia
22,6.2,56,3,71,4374,Normal
27,8.5,31,2,56,2596,Apnea
20,4.8,84,8,89,7560,Insomnia
25,4.2,90,7,86,6015,Insomnia
30,6.2,70,5,71,4110,Normal
29,4.8,74,10,76,6548,Insomnia
26,5,84,8,85,6069,Insomnia
28,6.5,51,4,71,4277,Normal
33,7.3,36,1,63,3545,Apnea
29,7.8,45,2,62,2546,Apnea
26,7.6,44,1,47,2552,Apnea
21,4.1,74,7,78,7365,Insomnia
28,6.5,51,4,71,4277,Normal
21,7.3,60,6,75,4797,Normal
25,4.9,90,10,79,7189,Insomnia
25,7.9,36,1,46,3541,Apnea
25,4.2,90,7,86,6015,Insomnia
26,5,75,8,77,7560,Insomnia
26,4.3,83,9,90,7524,Insomnia
27,4.8,71,7,77,6901,Insomnia
28,4.1,74,8,78,7058,Insomnia
29,7.8,48,1,62,2987,Apnea
30,6.8,56,5,69,5417,Normal
23,6.4,52,5,65,4361,Normal
24,7.6,42,1,59,2258,Apnea
25,4.3,83,9,90,7524,Insomnia
26,4.8,71,7,77,6901,Insomnia
27,4.2,73,9,78,7058,Insomnia
28,4.1,72,9,82,7365,Insomnia
29,4.7,85,10,83,7015,Insomnia
30,7.8,48,1,62,2987,Apnea
31,6.5,60,3,70,4104,Normal
32,6.2,70,5,71,4110,Normal
33,6.2,66,6,70,4358,Normal
34,6.2,66,6,70,4358,Normal
35,6.6,60,6,73,5433,Normal
16,7.3,30,2,56,3578,Apnea
17,4.9,82,9,86,7089,Insomnia
18,4.2,86,8,82,7015,Insomnia
19,4.1,75,10,81,7189,Insomnia
20,5,74,9,90,7348,Insomnia
21,4.8,83,8,80,7548,Insomnia
22,4.8,82,10,76,6069,Insomnia
23,4.9,77,7,79,6901,Insomnia
24,4.1,71,8,80,6045,Insomnia
25,4.8,74,10,89,7541,Insomnia
26,4.3,75,7,86,7015,Insomnia
27,4.1,88,7,81,7189,Insomnia
33,4.3,84,8,82,7015,Insomnia
17,4.1,90,9,82,7089,Insomnia
18,4,72,8,83,7015,Insomnia
19,4.1,71,8,81,7189,Insomnia
20,4.5,85,9,82,7348,Insomnia
21,4.6,72,7,84,7548,Insomnia
22,5,77,7,85,6069,Insomnia
23,4.2,86,8,90,6901,Insomnia
24,4.6,75,9,85,6045,Insomnia
25,5,73,8,82,7541,Insomnia
26,4.2,84,10,83,6733,Insomnia
27,4.3,83,9,90,7524,Insomnia
33,5,75,8,84,7560,Insomnia
17,4.2,82,8,81,7058,Insomnia
18,4.8,77,10,79,8000,Insomnia
19,4.2,71,7,79,7152,Insomnia
20,4.1,74,7,78,7365,Insomnia
21,5,75,8,86,7348,Insomnia
22,4.8,88,9,82,7189,Insomnia
23,4.8,84,8,83,7348,Insomnia
24,4.9,90,8,81,7548,Insomnia
25,4.1,72,9,79,6069,Insomnia
26,4.8,71,7,77,6901,Insomnia
27,4.5,85,7,85,6045,Insomnia
33,4.7,72,8,84,7541,Insomnia
28,4.8,77,9,86,7015,Insomnia
25,4.9,86,8,90,7189,Insomnia
25,8,42,2,56,2684,Apnea
26,8,43,1,52,2606,Apnea
23,8,35,2,48,2607,Apnea
21,7.3,39,0,53,2608,Apnea
25,7.5,40,1,62,2609,Apnea
23,7.6,30,2,50,2610,Apnea
21,7,48,0,59,2611,Apnea
30,7.3,49,1,51,2378,Apnea
31,7.3,36,2,58,3210,Apnea
26,7,35,0,59,2258,Apnea
25,7.8,38,1,54,2410,Apnea
30,7.9,42,0,45,2698,Apnea
26,7.2,41,0,46,2596,Apnea
16,7.7,32,0,59,3969,Apnea
15,7.9,31,1,57,3569,Apnea
17,7.8,30,1,52,2610,Apnea
23,7.1,33,1,41,3201,Apnea
25,7,44,1,56,2571,Apnea
16,7,35,1,65,3541,Apnea
15,7,42,2,57,3120,Apnea
21,7,41,2,56,2378,Apnea
33,7.3,33,2,59,3852,Apnea
33,7.2,40,0,52,3795,Apnea
22,7.6,30,0,48,2965,Apnea
20,7.8,48,0,49,2684,Apnea
30,7.3,42,1,47,2606,Apnea
25,8,36,2,56,2607,Apnea
26,8,35,1,52,2608,Apnea
23,8,38,2,48,2609,Apnea
24,7.3,42,0,53,2610,Apnea
25,7.5,41,1,62,2611,Apnea
28,7.6,32,2,50,2609,Apnea
29,7,31,0,59,2610,Apnea
32,7.3,30,1,51,2611,Apnea
26,7,33,2,58,2378,Apnea
20,7.1,44,0,59,3569,Apnea
18,7.2,35,1,54,3541,Apnea
20,7.3,42,0,45,3120,Apnea
20,7.4,41,1,46,2378,Apnea
29,7.5,33,2,59,3852,Apnea
27,7.6,40,0,63,3795,Apnea
26,7.7,30,1,62,2987,Apnea
25,7.8,48,2,60,2367,Apnea
26,7.9,49,0,58,3104,Apnea
25,4.9,71,7,78,6733,Insomnia
21,4.8,78,8,79,7510,Insomnia
22,4,79,9,88,7962,Insomnia
20,4.1,88,10,77,7524,Insomnia
30,4.8,85,8,79,7863,Insomnia
25,4.5,90,7,78,6520,Insomnia
26,4.6,84,9,84,7560,Insomnia
23,5,75,10,85,7058,Insomnia
24,4.2,77,8,90,8000,Insomnia
25,4.3,71,7,85,7152,Insomnia
28,4.1,72,9,82,7365,Insomnia
29,4.7,85,10,83,7015,Insomnia
32,4.8,90,8,90,7089,Insomnia
26,5,90,7,84,7015,Insomnia
32,4.2,86,9,81,7189,Insomnia
26,4.8,83,10,79,7348,Insomnia
20,4.9,82,8,79,7548,Insomnia
18,5,77,9,78,6819,Insomnia
20,4.9,71,7,77,7756,Insomnia
20,4.2,74,10,76,6548,Insomnia
29,4.1,75,9,76,6241,Insomnia
27,4.8,88,10,84,6015,Insomnia
26,5,84,8,85,6069,Insomnia
25,4.2,90,7,86,6015,Insomnia
26,4.3,72,10,82,7201,Insomnia
25,4.1,71,9,83,6901,Insomnia
21,4.7,85,8,81,6045,Insomnia
22,4.8,72,10,82,7541,Insomnia
20,5,77,7,80,6733,Insomnia
32,4.3,86,10,79,7524,Insomnia
26,4.1,75,8,77,7863,Insomnia
20,4.7,73,9,78,6520,Insomnia
18,4.8,84,8,89,7560,Insomnia
20,5,83,8,84,7058,Insomnia
20,4.8,75,9,86,8000,Insomnia
29,4.9,82,7,82,7152,Insomnia
27,5,86,7,81,7365,Insomnia
26,4.2,75,8,90,7015,Insomnia
25,4.2,74,9,80,7089,Insomnia
26,4.8,90,8,76,7015,Insomnia
25,4.9,90,10,79,7189,Insomnia
21,4.1,86,9,80,7015,Insomnia
22,4.8,83,8,89,7089,Insomnia
20,4.3,82,10,86,7015,Insomnia
27,4.1,77,7,81,7189,Insomnia
28,4.7,71,10,82,7348,Insomnia
29,4.8,74,8,76,7548,Insomnia
16,5,75,7,76,6069,Insomnia
17,4.3,88,10,84,6901,Insomnia
18,4.1,84,9,85,6045,Insomnia
19,4,90,8,86,7541,Insomnia
20,4.1,72,10,82,6733,Insomnia
21,4.5,71,7,83,7524,Insomnia
22,4.6,85,7,81,7863,Insomnia
23,5,72,8,82,6733,Insomnia
24,4.2,77,9,80,7863,Insomnia
25,4.3,86,8,79,6520,Insomnia
26,5,75,8,77,7560,Insomnia
27,4.2,73,9,78,7058,Insomnia
33,4.8,84,7,89,8000,Insomnia
34,4.9,83,7,76,7152,Insomnia
17,5,75,8,79,7365,Insomnia
17,4.9,82,9,86,7089,Insomnia
18,4.2,86,8,82,7015,Insomnia
19,4.1,75,10,81,7189,Insomnia
20,5,74,9,90,7348,Insomnia
21,4.8,83,8,80,7548,Insomnia
22,4.8,82,10,76,6069,Insomnia
23,4.9,77,7,79,6901,Insomnia
24,4.1,71,8,80,6045,Insomnia
25,4.8,74,10,89,7541,Insomnia
26,4.3,75,7,86,7015,Insomnia
27,4.1,88,7,81,7189,Insomnia
33,4.3,84,8,82,7015,Insomnia
17,4.1,90,9,82,7089,Insomnia
18,4,72,8,83,7015,Insomnia
19,4.1,71,8,81,7189,Insomnia
20,4.5,85,9,82,7348,Insomnia
21,4.6,72,7,84,7548,Insomnia
22,5,77,7,85,6069,Insomnia
23,4.2,86,8,90,6901,Insomnia
24,4.6,75,9,85,6045,Insomnia
25,5,73,8,82,7541,Insomnia
26,4.2,84,10,83,6733,Insomnia
27,4.3,83,9,90,7524,Insomnia
33,5,75,8,84,7560,Insomnia
17,4.2,82,8,81,7058,Insomnia
18,4.8,77,10,79,8000,Insomnia
19,4.2,71,7,79,7152,Insomnia
20,4.1,74,7,78,7365,Insomnia
21,5,75,8,86,7348,Insomnia
22,4.8,88,9,82,7189,Insomnia
23,4.8,84,8,83,7348,Insomnia
24,4.9,90,8,81,7548,Insomnia
25,4.1,72,9,79,6069,Insomnia
26,4.8,71,7,77,6901,Insomnia
27,4.5,85,7,85,6045,Insomnia
33,4.7,72,8,84,7541,Insomnia
28,4.8,77,9,86,7015,Insomnia
25,4.9,86,8,90,7189,Insomnia
